Parameter;Cycle;RulesEngineArgument;Freizeit;7a2e8b57-84fe-d775-0000-00006560efe7;end-of-day;1700851687261;Success;
Systemvariable;DailyEvents;Result;"T0:7.0;T1:8.06;T6:17.15";7a2e8b57-84fe-d775-0000-00006560efe7;;;;
Parameter;Date;RulesEngineArgument;25.11.2023;7a2e8b57-84fe-d775-0000-00006560efe7;;;;
Systemvariable;LastBatchrun;Result;24.11.2023-19:48:09;7a2e8b57-84fe-d775-0000-00006560efe7;;;;
Parameter;MaxForecastTemperature;RulesEngineArgument;7.2;7a2e8b57-84fe-d775-0000-00006560efe7;;;;
Parameter;MaxSunDownTime;Configuration;22:15;7a2e8b57-84fe-d775-0000-00006560efe7;;;;
Parameter;MaxSunUpTime;Configuration;10:00;7a2e8b57-84fe-d775-0000-00006560efe7;;;;
Parameter;MinSunDownTime;Configuration;17:15;7a2e8b57-84fe-d775-0000-00006560efe7;;;;
Parameter;MinSunUpTime;Configuration;05:30;7a2e8b57-84fe-d775-0000-00006560efe7;;;;
Systemvariable;Month;Result;10;7a2e8b57-84fe-d775-0000-00006560efe7;;;;
Parameter;ShadowTemperature;Configuration;25.0;7a2e8b57-84fe-d775-0000-00006560efe7;;;;
Parameter;ShadowTime;Configuration;09:00;7a2e8b57-84fe-d775-0000-00006560efe7;;;;
Parameter;SunDownTime;RulesEngineArgument;16:37;7a2e8b57-84fe-d775-0000-00006560efe7;;;;
Parameter;SunUpDownType;Configuration;Mathematical;7a2e8b57-84fe-d775-0000-00006560efe7;;;;
Parameter;SunUpTime;RulesEngineArgument;08:06;7a2e8b57-84fe-d775-0000-00006560efe7;;;;
Systemvariable;Temperature;Result;7.200000;7a2e8b57-84fe-d775-0000-00006560efe7;;;;
Systemvariable;Time;Result;0;7a2e8b57-84fe-d775-0000-00006560efe7;;;;
Systemvariable;TimerEvents;Result;0;7a2e8b57-84fe-d775-0000-00006560efe7;;;;
Parameter;UpTime;Configuration;07:00;7a2e8b57-84fe-d775-0000-00006560efe7;;;;
Parameter;UpdateTime;RulesEngineArgument;<Empty>;7a2e8b57-84fe-d775-0000-00006560efe7;;;;
Systemvariable;Workingday;Result;false;7a2e8b57-84fe-d775-0000-00006560efe7;;;;
Parameter;Cycle;RulesEngineArgument;Freizeit;7a2e8b57-84fe-d775-0000-00006560f16d;end-of-day;1700852077513;Success;
Systemvariable;DailyEvents;Result;"T0:7.0;T1:8.06;T6:17.15";7a2e8b57-84fe-d775-0000-00006560f16d;;;;
Parameter;Date;RulesEngineArgument;25.11.2023;7a2e8b57-84fe-d775-0000-00006560f16d;;;;
Systemvariable;LastBatchrun;Result;24.11.2023-19:54:38;7a2e8b57-84fe-d775-0000-00006560f16d;;;;
Parameter;MaxForecastTemperature;RulesEngineArgument;7.2;7a2e8b57-84fe-d775-0000-00006560f16d;;;;
Parameter;MaxSunDownTime;Configuration;22:15;7a2e8b57-84fe-d775-0000-00006560f16d;;;;
Parameter;MaxSunUpTime;Configuration;10:00;7a2e8b57-84fe-d775-0000-00006560f16d;;;;
Parameter;MinSunDownTime;Configuration;17:15;7a2e8b57-84fe-d775-0000-00006560f16d;;;;
Parameter;MinSunUpTime;Configuration;05:30;7a2e8b57-84fe-d775-0000-00006560f16d;;;;
Systemvariable;Month;Result;10;7a2e8b57-84fe-d775-0000-00006560f16d;;;;
Parameter;ShadowTemperature;Configuration;25.0;7a2e8b57-84fe-d775-0000-00006560f16d;;;;
Parameter;ShadowTime;Configuration;09:00;7a2e8b57-84fe-d775-0000-00006560f16d;;;;
Parameter;SunDownTime;RulesEngineArgument;16:37;7a2e8b57-84fe-d775-0000-00006560f16d;;;;
Parameter;SunUpDownType;Configuration;Mathematical;7a2e8b57-84fe-d775-0000-00006560f16d;;;;
Parameter;SunUpTime;RulesEngineArgument;08:06;7a2e8b57-84fe-d775-0000-00006560f16d;;;;
Systemvariable;Temperature;Result;7.200000;7a2e8b57-84fe-d775-0000-00006560f16d;;;;
Systemvariable;Time;Result;0;7a2e8b57-84fe-d775-0000-00006560f16d;;;;
Systemvariable;TimerEvents;Result;0;7a2e8b57-84fe-d775-0000-00006560f16d;;;;
Parameter;UpTime;Configuration;07:00;7a2e8b57-84fe-d775-0000-00006560f16d;;;;
Parameter;UpdateTime;RulesEngineArgument;<Empty>;7a2e8b57-84fe-d775-0000-00006560f16d;;;;
Systemvariable;Workingday;Result;false;7a2e8b57-84fe-d775-0000-00006560f16d;;;;
Parameter;Cycle;RulesEngineArgument;Freizeit;7a2e8b57-84fe-d775-0000-00006560f6fb;end-of-day;1700853499731;Success;
Systemvariable;DailyEvents;Result;"T0:7.0;T1:8.06;T6:17.15";7a2e8b57-84fe-d775-0000-00006560f6fb;;;;
Parameter;Date;RulesEngineArgument;25.11.2023;7a2e8b57-84fe-d775-0000-00006560f6fb;;;;
Systemvariable;LastBatchrun;Result;24.11.2023-20:18:21;7a2e8b57-84fe-d775-0000-00006560f6fb;;;;
Parameter;MaxForecastTemperature;RulesEngineArgument;7.2;7a2e8b57-84fe-d775-0000-00006560f6fb;;;;
Parameter;MaxSunDownTime;Configuration;22:15;7a2e8b57-84fe-d775-0000-00006560f6fb;;;;
Parameter;MaxSunUpTime;Configuration;10:00;7a2e8b57-84fe-d775-0000-00006560f6fb;;;;
Parameter;MinSunDownTime;Configuration;17:15;7a2e8b57-84fe-d775-0000-00006560f6fb;;;;
Parameter;MinSunUpTime;Configuration;05:30;7a2e8b57-84fe-d775-0000-00006560f6fb;;;;
Systemvariable;Month;Result;10;7a2e8b57-84fe-d775-0000-00006560f6fb;;;;
Parameter;ShadowTemperature;Configuration;25.0;7a2e8b57-84fe-d775-0000-00006560f6fb;;;;
Parameter;ShadowTime;Configuration;09:00;7a2e8b57-84fe-d775-0000-00006560f6fb;;;;
Parameter;SunDownTime;RulesEngineArgument;16:37;7a2e8b57-84fe-d775-0000-00006560f6fb;;;;
Parameter;SunUpDownType;Configuration;Mathematical;7a2e8b57-84fe-d775-0000-00006560f6fb;;;;
Parameter;SunUpTime;RulesEngineArgument;08:06;7a2e8b57-84fe-d775-0000-00006560f6fb;;;;
Systemvariable;Temperature;Result;7.200000;7a2e8b57-84fe-d775-0000-00006560f6fb;;;;
Systemvariable;Time;Result;0;7a2e8b57-84fe-d775-0000-00006560f6fb;;;;
Systemvariable;TimerEvents;Result;0;7a2e8b57-84fe-d775-0000-00006560f6fb;;;;
Parameter;UpTime;Configuration;07:00;7a2e8b57-84fe-d775-0000-00006560f6fb;;;;
Parameter;UpdateTime;RulesEngineArgument;<Empty>;7a2e8b57-84fe-d775-0000-00006560f6fb;;;;
Systemvariable;Workingday;Result;false;7a2e8b57-84fe-d775-0000-00006560f6fb;;;;
Parameter;Cycle;RulesEngineArgument;Freizeit;7a2e8b57-84fe-d775-0000-00006561171b;end-of-day;1700861723810;Success;
Systemvariable;DailyEvents;Result;"T0:7.0;T1:8.06;T6:17.15";7a2e8b57-84fe-d775-0000-00006561171b;;;;
Parameter;Date;RulesEngineArgument;25.11.2023;7a2e8b57-84fe-d775-0000-00006561171b;;;;
Systemvariable;LastBatchrun;Result;24.11.2023-22:35:25;7a2e8b57-84fe-d775-0000-00006561171b;;;;
Parameter;MaxForecastTemperature;RulesEngineArgument;7.2;7a2e8b57-84fe-d775-0000-00006561171b;;;;
Parameter;MaxSunDownTime;Configuration;22:15;7a2e8b57-84fe-d775-0000-00006561171b;;;;
Parameter;MaxSunUpTime;Configuration;10:00;7a2e8b57-84fe-d775-0000-00006561171b;;;;
Parameter;MinSunDownTime;Configuration;17:15;7a2e8b57-84fe-d775-0000-00006561171b;;;;
Parameter;MinSunUpTime;Configuration;05:30;7a2e8b57-84fe-d775-0000-00006561171b;;;;
Systemvariable;Month;Result;10;7a2e8b57-84fe-d775-0000-00006561171b;;;;
Parameter;ShadowTemperature;Configuration;25.0;7a2e8b57-84fe-d775-0000-00006561171b;;;;
Parameter;ShadowTime;Configuration;09:00;7a2e8b57-84fe-d775-0000-00006561171b;;;;
Parameter;SunDownTime;RulesEngineArgument;16:37;7a2e8b57-84fe-d775-0000-00006561171b;;;;
Parameter;SunUpDownType;Configuration;Mathematical;7a2e8b57-84fe-d775-0000-00006561171b;;;;
Parameter;SunUpTime;RulesEngineArgument;08:06;7a2e8b57-84fe-d775-0000-00006561171b;;;;
Systemvariable;Temperature;Result;7.200000;7a2e8b57-84fe-d775-0000-00006561171b;;;;
Systemvariable;Time;Result;0;7a2e8b57-84fe-d775-0000-00006561171b;;;;
Systemvariable;TimerEvents;Result;0;7a2e8b57-84fe-d775-0000-00006561171b;;;;
Parameter;UpTime;Configuration;07:00;7a2e8b57-84fe-d775-0000-00006561171b;;;;
Parameter;UpdateTime;RulesEngineArgument;<Empty>;7a2e8b57-84fe-d775-0000-00006561171b;;;;
Systemvariable;Workingday;Result;false;7a2e8b57-84fe-d775-0000-00006561171b;;;;
Parameter;Cycle;RulesEngineArgument;Freizeit;7a2e8b57-84fe-d775-0000-00006562689d;end-of-day;1700948125569;Success;
Systemvariable;DailyEvents;Result;"T0:7.0;T1:8.08;T6:17.15";7a2e8b57-84fe-d775-0000-00006562689d;;;;
Parameter;Date;RulesEngineArgument;26.11.2023;7a2e8b57-84fe-d775-0000-00006562689d;;;;
Systemvariable;LastBatchrun;Result;25.11.2023-22:35:27;7a2e8b57-84fe-d775-0000-00006562689d;;;;
Parameter;MaxForecastTemperature;RulesEngineArgument;6.46;7a2e8b57-84fe-d775-0000-00006562689d;;;;
Parameter;MaxSunDownTime;Configuration;22:15;7a2e8b57-84fe-d775-0000-00006562689d;;;;
Parameter;MaxSunUpTime;Configuration;10:00;7a2e8b57-84fe-d775-0000-00006562689d;;;;
Parameter;MinSunDownTime;Configuration;17:15;7a2e8b57-84fe-d775-0000-00006562689d;;;;
Parameter;MinSunUpTime;Configuration;05:30;7a2e8b57-84fe-d775-0000-00006562689d;;;;
Systemvariable;Month;Result;10;7a2e8b57-84fe-d775-0000-00006562689d;;;;
Parameter;ShadowTemperature;Configuration;25.0;7a2e8b57-84fe-d775-0000-00006562689d;;;;
Parameter;ShadowTime;Configuration;09:00;7a2e8b57-84fe-d775-0000-00006562689d;;;;
Parameter;SunDownTime;RulesEngineArgument;16:37;7a2e8b57-84fe-d775-0000-00006562689d;;;;
Parameter;SunUpDownType;Configuration;Mathematical;7a2e8b57-84fe-d775-0000-00006562689d;;;;
Parameter;SunUpTime;RulesEngineArgument;08:08;7a2e8b57-84fe-d775-0000-00006562689d;;;;
Systemvariable;Temperature;Result;6.460000;7a2e8b57-84fe-d775-0000-00006562689d;;;;
Systemvariable;Time;Result;0;7a2e8b57-84fe-d775-0000-00006562689d;;;;
Systemvariable;TimerEvents;Result;0;7a2e8b57-84fe-d775-0000-00006562689d;;;;
Parameter;UpTime;Configuration;07:00;7a2e8b57-84fe-d775-0000-00006562689d;;;;
Parameter;UpdateTime;RulesEngineArgument;<Empty>;7a2e8b57-84fe-d775-0000-00006562689d;;;;
Systemvariable;Workingday;Result;false;7a2e8b57-84fe-d775-0000-00006562689d;;;;
Parameter;Cycle;RulesEngineArgument;Arbeitstage;7a2e8b57-84fe-d775-0000-00006563ba1d;end-of-day;1701034525331;Success;
Systemvariable;DailyEvents;Result;"T0:5.15;T1:8.09;T6:17.15";7a2e8b57-84fe-d775-0000-00006563ba1d;;;;
Parameter;Date;RulesEngineArgument;27.11.2023;7a2e8b57-84fe-d775-0000-00006563ba1d;;;;
Systemvariable;LastBatchrun;Result;26.11.2023-22:35:27;7a2e8b57-84fe-d775-0000-00006563ba1d;;;;
Parameter;MaxForecastTemperature;RulesEngineArgument;6.45;7a2e8b57-84fe-d775-0000-00006563ba1d;;;;
Parameter;MaxSunDownTime;Configuration;22:15;7a2e8b57-84fe-d775-0000-00006563ba1d;;;;
Parameter;MaxSunUpTime;Configuration;10:00;7a2e8b57-84fe-d775-0000-00006563ba1d;;;;
Parameter;MinSunDownTime;Configuration;17:15;7a2e8b57-84fe-d775-0000-00006563ba1d;;;;
Parameter;MinSunUpTime;Configuration;05:30;7a2e8b57-84fe-d775-0000-00006563ba1d;;;;
Systemvariable;Month;Result;10;7a2e8b57-84fe-d775-0000-00006563ba1d;;;;
Parameter;ShadowTemperature;Configuration;25.0;7a2e8b57-84fe-d775-0000-00006563ba1d;;;;
Parameter;ShadowTime;Configuration;09:00;7a2e8b57-84fe-d775-0000-00006563ba1d;;;;
Parameter;SunDownTime;RulesEngineArgument;16:36;7a2e8b57-84fe-d775-0000-00006563ba1d;;;;
Parameter;SunUpDownType;Configuration;Mathematical;7a2e8b57-84fe-d775-0000-00006563ba1d;;;;
Parameter;SunUpTime;RulesEngineArgument;08:09;7a2e8b57-84fe-d775-0000-00006563ba1d;;;;
Systemvariable;Temperature;Result;6.450000;7a2e8b57-84fe-d775-0000-00006563ba1d;;;;
Systemvariable;Time;Result;0;7a2e8b57-84fe-d775-0000-00006563ba1d;;;;
Systemvariable;TimerEvents;Result;0;7a2e8b57-84fe-d775-0000-00006563ba1d;;;;
Parameter;UpTime;Configuration;05:15;7a2e8b57-84fe-d775-0000-00006563ba1d;;;;
Parameter;UpdateTime;RulesEngineArgument;<Empty>;7a2e8b57-84fe-d775-0000-00006563ba1d;;;;
Systemvariable;Workingday;Result;true;7a2e8b57-84fe-d775-0000-00006563ba1d;;;;
Parameter;Cycle;RulesEngineArgument;Freizeit;7a2e8b57-84fe-d775-0000-000065641bb1;end-of-day;1701059505181;Success;
Systemvariable;DailyEvents;Result;"T0:7.0;T1:8.11;T6:17.15";7a2e8b57-84fe-d775-0000-000065641bb1;;;;
Parameter;Date;RulesEngineArgument;28.11.2023;7a2e8b57-84fe-d775-0000-000065641bb1;;;;
Systemvariable;LastBatchrun;Result;27.11.2023-05:31:47;7a2e8b57-84fe-d775-0000-000065641bb1;;;;
Parameter;MaxForecastTemperature;RulesEngineArgument;1.21;7a2e8b57-84fe-d775-0000-000065641bb1;;;;
Parameter;MaxSunDownTime;Configuration;22:15;7a2e8b57-84fe-d775-0000-000065641bb1;;;;
Parameter;MaxSunUpTime;Configuration;10:00;7a2e8b57-84fe-d775-0000-000065641bb1;;;;
Parameter;MinSunDownTime;Configuration;17:15;7a2e8b57-84fe-d775-0000-000065641bb1;;;;
Parameter;MinSunUpTime;Configuration;05:30;7a2e8b57-84fe-d775-0000-000065641bb1;;;;
Systemvariable;Month;Result;10;7a2e8b57-84fe-d775-0000-000065641bb1;;;;
Parameter;ShadowTemperature;Configuration;25.0;7a2e8b57-84fe-d775-0000-000065641bb1;;;;
Parameter;ShadowTime;Configuration;09:00;7a2e8b57-84fe-d775-0000-000065641bb1;;;;
Parameter;SunDownTime;RulesEngineArgument;16:35;7a2e8b57-84fe-d775-0000-000065641bb1;;;;
Parameter;SunUpDownType;Configuration;Mathematical;7a2e8b57-84fe-d775-0000-000065641bb1;;;;
Parameter;SunUpTime;RulesEngineArgument;08:11;7a2e8b57-84fe-d775-0000-000065641bb1;;;;
Systemvariable;Temperature;Result;1.210000;7a2e8b57-84fe-d775-0000-000065641bb1;;;;
Systemvariable;Time;Result;0;7a2e8b57-84fe-d775-0000-000065641bb1;;;;
Systemvariable;TimerEvents;Result;0;7a2e8b57-84fe-d775-0000-000065641bb1;;;;
Parameter;UpTime;Configuration;07:00;7a2e8b57-84fe-d775-0000-000065641bb1;;;;
Parameter;UpdateTime;RulesEngineArgument;<Empty>;7a2e8b57-84fe-d775-0000-000065641bb1;;;;
Systemvariable;Workingday;Result;false;7a2e8b57-84fe-d775-0000-000065641bb1;;;;
Parameter;Cycle;RulesEngineArgument;Freizeit;7a2e8b57-84fe-d775-0000-000065650b9e;end-of-day;1701120926566;Success;
Systemvariable;DailyEvents;Result;"T0:7.0;T1:8.11;T6:17.15";7a2e8b57-84fe-d775-0000-000065650b9e;;;;
Parameter;Date;RulesEngineArgument;28.11.2023;7a2e8b57-84fe-d775-0000-000065650b9e;;;;
Systemvariable;LastBatchrun;Result;27.11.2023-22:35:28;7a2e8b57-84fe-d775-0000-000065650b9e;;;;
Parameter;MaxForecastTemperature;RulesEngineArgument;3.23;7a2e8b57-84fe-d775-0000-000065650b9e;;;;
Parameter;MaxSunDownTime;Configuration;22:15;7a2e8b57-84fe-d775-0000-000065650b9e;;;;
Parameter;MaxSunUpTime;Configuration;10:00;7a2e8b57-84fe-d775-0000-000065650b9e;;;;
Parameter;MinSunDownTime;Configuration;17:15;7a2e8b57-84fe-d775-0000-000065650b9e;;;;
Parameter;MinSunUpTime;Configuration;05:30;7a2e8b57-84fe-d775-0000-000065650b9e;;;;
Systemvariable;Month;Result;10;7a2e8b57-84fe-d775-0000-000065650b9e;;;;
Parameter;ShadowTemperature;Configuration;25.0;7a2e8b57-84fe-d775-0000-000065650b9e;;;;
Parameter;ShadowTime;Configuration;09:00;7a2e8b57-84fe-d775-0000-000065650b9e;;;;
Parameter;SunDownTime;RulesEngineArgument;16:35;7a2e8b57-84fe-d775-0000-000065650b9e;;;;
Parameter;SunUpDownType;Configuration;Mathematical;7a2e8b57-84fe-d775-0000-000065650b9e;;;;
Parameter;SunUpTime;RulesEngineArgument;08:11;7a2e8b57-84fe-d775-0000-000065650b9e;;;;
Systemvariable;Temperature;Result;3.230000;7a2e8b57-84fe-d775-0000-000065650b9e;;;;
Systemvariable;Time;Result;0;7a2e8b57-84fe-d775-0000-000065650b9e;;;;
Systemvariable;TimerEvents;Result;0;7a2e8b57-84fe-d775-0000-000065650b9e;;;;
Parameter;UpTime;Configuration;07:00;7a2e8b57-84fe-d775-0000-000065650b9e;;;;
Parameter;UpdateTime;RulesEngineArgument;<Empty>;7a2e8b57-84fe-d775-0000-000065650b9e;;;;
Systemvariable;Workingday;Result;false;7a2e8b57-84fe-d775-0000-000065650b9e;;;;
Parameter;Cycle;RulesEngineArgument;Freizeit;7a2e8b57-84fe-d775-0000-000065665d26;end-of-day;1701207334126;Success;
Systemvariable;DailyEvents;Result;"T0:7.0;T1:8.12;T6:17.15";7a2e8b57-84fe-d775-0000-000065665d26;;;;
Parameter;Date;RulesEngineArgument;29.11.2023;7a2e8b57-84fe-d775-0000-000065665d26;;;;
Systemvariable;LastBatchrun;Result;28.11.2023-22:35:35;7a2e8b57-84fe-d775-0000-000065665d26;;;;
Parameter;MaxForecastTemperature;RulesEngineArgument;2.49;7a2e8b57-84fe-d775-0000-000065665d26;;;;
Parameter;MaxSunDownTime;Configuration;22:15;7a2e8b57-84fe-d775-0000-000065665d26;;;;
Parameter;MaxSunUpTime;Configuration;10:00;7a2e8b57-84fe-d775-0000-000065665d26;;;;
Parameter;MinSunDownTime;Configuration;17:15;7a2e8b57-84fe-d775-0000-000065665d26;;;;
Parameter;MinSunUpTime;Configuration;05:30;7a2e8b57-84fe-d775-0000-000065665d26;;;;
Systemvariable;Month;Result;10;7a2e8b57-84fe-d775-0000-000065665d26;;;;
Parameter;ShadowTemperature;Configuration;25.0;7a2e8b57-84fe-d775-0000-000065665d26;;;;
Parameter;ShadowTime;Configuration;09:00;7a2e8b57-84fe-d775-0000-000065665d26;;;;
Parameter;SunDownTime;RulesEngineArgument;16:34;7a2e8b57-84fe-d775-0000-000065665d26;;;;
Parameter;SunUpDownType;Configuration;Mathematical;7a2e8b57-84fe-d775-0000-000065665d26;;;;
Parameter;SunUpTime;RulesEngineArgument;08:12;7a2e8b57-84fe-d775-0000-000065665d26;;;;
Systemvariable;Temperature;Result;2.490000;7a2e8b57-84fe-d775-0000-000065665d26;;;;
Systemvariable;Time;Result;0;7a2e8b57-84fe-d775-0000-000065665d26;;;;
Systemvariable;TimerEvents;Result;0;7a2e8b57-84fe-d775-0000-000065665d26;;;;
Parameter;UpTime;Configuration;07:00;7a2e8b57-84fe-d775-0000-000065665d26;;;;
Parameter;UpdateTime;RulesEngineArgument;<Empty>;7a2e8b57-84fe-d775-0000-000065665d26;;;;
Systemvariable;Workingday;Result;false;7a2e8b57-84fe-d775-0000-000065665d26;;;;
Parameter;Cycle;RulesEngineArgument;Freizeit;7a2e8b57-84fe-d775-0000-00006567aea4;end-of-day;1701293732287;Success;
Systemvariable;DailyEvents;Result;"T0:7.0;T1:8.14;T6:17.15";7a2e8b57-84fe-d775-0000-00006567aea4;;;;
Parameter;Date;RulesEngineArgument;30.11.2023;7a2e8b57-84fe-d775-0000-00006567aea4;;;;
Systemvariable;LastBatchrun;Result;29.11.2023-22:35:35;7a2e8b57-84fe-d775-0000-00006567aea4;;;;
Parameter;MaxForecastTemperature;RulesEngineArgument;2.43;7a2e8b57-84fe-d775-0000-00006567aea4;;;;
Parameter;MaxSunDownTime;Configuration;22:15;7a2e8b57-84fe-d775-0000-00006567aea4;;;;
Parameter;MaxSunUpTime;Configuration;10:00;7a2e8b57-84fe-d775-0000-00006567aea4;;;;
Parameter;MinSunDownTime;Configuration;17:15;7a2e8b57-84fe-d775-0000-00006567aea4;;;;
Parameter;MinSunUpTime;Configuration;05:30;7a2e8b57-84fe-d775-0000-00006567aea4;;;;
Systemvariable;Month;Result;10;7a2e8b57-84fe-d775-0000-00006567aea4;;;;
Parameter;ShadowTemperature;Configuration;25.0;7a2e8b57-84fe-d775-0000-00006567aea4;;;;
Parameter;ShadowTime;Configuration;09:00;7a2e8b57-84fe-d775-0000-00006567aea4;;;;
Parameter;SunDownTime;RulesEngineArgument;16:33;7a2e8b57-84fe-d775-0000-00006567aea4;;;;
Parameter;SunUpDownType;Configuration;Mathematical;7a2e8b57-84fe-d775-0000-00006567aea4;;;;
Parameter;SunUpTime;RulesEngineArgument;08:14;7a2e8b57-84fe-d775-0000-00006567aea4;;;;
Systemvariable;Temperature;Result;2.430000;7a2e8b57-84fe-d775-0000-00006567aea4;;;;
Systemvariable;Time;Result;0;7a2e8b57-84fe-d775-0000-00006567aea4;;;;
Systemvariable;TimerEvents;Result;0;7a2e8b57-84fe-d775-0000-00006567aea4;;;;
Parameter;UpTime;Configuration;07:00;7a2e8b57-84fe-d775-0000-00006567aea4;;;;
Parameter;UpdateTime;RulesEngineArgument;<Empty>;7a2e8b57-84fe-d775-0000-00006567aea4;;;;
Systemvariable;Workingday;Result;false;7a2e8b57-84fe-d775-0000-00006567aea4;;;;
Parameter;Cycle;RulesEngineArgument;Freizeit;7a2e8b57-84fe-d775-0000-000065690031;end-of-day;1701380145627;Success;
Systemvariable;DailyEvents;Result;"T0:7.0;T1:8.15;T6:17.15";7a2e8b57-84fe-d775-0000-000065690031;;;;
Parameter;Date;RulesEngineArgument;01.12.2023;7a2e8b57-84fe-d775-0000-000065690031;;;;
Systemvariable;LastBatchrun;Result;30.11.2023-22:35:47;7a2e8b57-84fe-d775-0000-000065690031;;;;
Parameter;MaxForecastTemperature;RulesEngineArgument;1.59;7a2e8b57-84fe-d775-0000-000065690031;;;;
Parameter;MaxSunDownTime;Configuration;22:15;7a2e8b57-84fe-d775-0000-000065690031;;;;
Parameter;MaxSunUpTime;Configuration;10:00;7a2e8b57-84fe-d775-0000-000065690031;;;;
Parameter;MinSunDownTime;Configuration;17:15;7a2e8b57-84fe-d775-0000-000065690031;;;;
Parameter;MinSunUpTime;Configuration;05:30;7a2e8b57-84fe-d775-0000-000065690031;;;;
Systemvariable;Month;Result;11;7a2e8b57-84fe-d775-0000-000065690031;;;;
Parameter;ShadowTemperature;Configuration;25.0;7a2e8b57-84fe-d775-0000-000065690031;;;;
Parameter;ShadowTime;Configuration;09:00;7a2e8b57-84fe-d775-0000-000065690031;;;;
Parameter;SunDownTime;RulesEngineArgument;16:33;7a2e8b57-84fe-d775-0000-000065690031;;;;
Parameter;SunUpDownType;Configuration;Mathematical;7a2e8b57-84fe-d775-0000-000065690031;;;;
Parameter;SunUpTime;RulesEngineArgument;08:15;7a2e8b57-84fe-d775-0000-000065690031;;;;
Systemvariable;Temperature;Result;1.590000;7a2e8b57-84fe-d775-0000-000065690031;;;;
Systemvariable;Time;Result;0;7a2e8b57-84fe-d775-0000-000065690031;;;;
Systemvariable;TimerEvents;Result;0;7a2e8b57-84fe-d775-0000-000065690031;;;;
Parameter;UpTime;Configuration;07:00;7a2e8b57-84fe-d775-0000-000065690031;;;;
Parameter;UpdateTime;RulesEngineArgument;<Empty>;7a2e8b57-84fe-d775-0000-000065690031;;;;
Systemvariable;Workingday;Result;false;7a2e8b57-84fe-d775-0000-000065690031;;;;
Parameter;Cycle;RulesEngineArgument;Freizeit;7a2e8b57-84fe-d775-0000-0000656a519e;end-of-day;1701466526465;Success;
Systemvariable;DailyEvents;Result;"T0:7.0;T1:8.16;T6:17.15";7a2e8b57-84fe-d775-0000-0000656a519e;;;;
Parameter;Date;RulesEngineArgument;02.12.2023;7a2e8b57-84fe-d775-0000-0000656a519e;;;;
Systemvariable;LastBatchrun;Result;01.12.2023-22:35:28;7a2e8b57-84fe-d775-0000-0000656a519e;;;;
Parameter;MaxForecastTemperature;RulesEngineArgument;0.95;7a2e8b57-84fe-d775-0000-0000656a519e;;;;
Parameter;MaxSunDownTime;Configuration;22:15;7a2e8b57-84fe-d775-0000-0000656a519e;;;;
Parameter;MaxSunUpTime;Configuration;10:00;7a2e8b57-84fe-d775-0000-0000656a519e;;;;
Parameter;MinSunDownTime;Configuration;17:15;7a2e8b57-84fe-d775-0000-0000656a519e;;;;
Parameter;MinSunUpTime;Configuration;05:30;7a2e8b57-84fe-d775-0000-0000656a519e;;;;
Systemvariable;Month;Result;11;7a2e8b57-84fe-d775-0000-0000656a519e;;;;
Parameter;ShadowTemperature;Configuration;25.0;7a2e8b57-84fe-d775-0000-0000656a519e;;;;
Parameter;ShadowTime;Configuration;09:00;7a2e8b57-84fe-d775-0000-0000656a519e;;;;
Parameter;SunDownTime;RulesEngineArgument;16:32;7a2e8b57-84fe-d775-0000-0000656a519e;;;;
Parameter;SunUpDownType;Configuration;Mathematical;7a2e8b57-84fe-d775-0000-0000656a519e;;;;
Parameter;SunUpTime;RulesEngineArgument;08:16;7a2e8b57-84fe-d775-0000-0000656a519e;;;;
Systemvariable;Temperature;Result;.950000;7a2e8b57-84fe-d775-0000-0000656a519e;;;;
Systemvariable;Time;Result;0;7a2e8b57-84fe-d775-0000-0000656a519e;;;;
Systemvariable;TimerEvents;Result;0;7a2e8b57-84fe-d775-0000-0000656a519e;;;;
Parameter;UpTime;Configuration;07:00;7a2e8b57-84fe-d775-0000-0000656a519e;;;;
Parameter;UpdateTime;RulesEngineArgument;<Empty>;7a2e8b57-84fe-d775-0000-0000656a519e;;;;
Systemvariable;Workingday;Result;false;7a2e8b57-84fe-d775-0000-0000656a519e;;;;
Parameter;Cycle;RulesEngineArgument;Freizeit;7a2e8b57-84fe-d775-0000-0000656ba31d;end-of-day;1701552925878;Success;
Systemvariable;DailyEvents;Result;"T0:7.0;T1:8.18;T6:17.15";7a2e8b57-84fe-d775-0000-0000656ba31d;;;;
Parameter;Date;RulesEngineArgument;03.12.2023;7a2e8b57-84fe-d775-0000-0000656ba31d;;;;
Systemvariable;LastBatchrun;Result;02.12.2023-22:35:27;7a2e8b57-84fe-d775-0000-0000656ba31d;;;;
Parameter;MaxForecastTemperature;RulesEngineArgument;3.22;7a2e8b57-84fe-d775-0000-0000656ba31d;;;;
Parameter;MaxSunDownTime;Configuration;22:15;7a2e8b57-84fe-d775-0000-0000656ba31d;;;;
Parameter;MaxSunUpTime;Configuration;10:00;7a2e8b57-84fe-d775-0000-0000656ba31d;;;;
Parameter;MinSunDownTime;Configuration;17:15;7a2e8b57-84fe-d775-0000-0000656ba31d;;;;
Parameter;MinSunUpTime;Configuration;05:30;7a2e8b57-84fe-d775-0000-0000656ba31d;;;;
Systemvariable;Month;Result;11;7a2e8b57-84fe-d775-0000-0000656ba31d;;;;
Parameter;ShadowTemperature;Configuration;25.0;7a2e8b57-84fe-d775-0000-0000656ba31d;;;;
Parameter;ShadowTime;Configuration;09:00;7a2e8b57-84fe-d775-0000-0000656ba31d;;;;
Parameter;SunDownTime;RulesEngineArgument;16:32;7a2e8b57-84fe-d775-0000-0000656ba31d;;;;
Parameter;SunUpDownType;Configuration;Mathematical;7a2e8b57-84fe-d775-0000-0000656ba31d;;;;
Parameter;SunUpTime;RulesEngineArgument;08:18;7a2e8b57-84fe-d775-0000-0000656ba31d;;;;
Systemvariable;Temperature;Result;3.220000;7a2e8b57-84fe-d775-0000-0000656ba31d;;;;
Systemvariable;Time;Result;0;7a2e8b57-84fe-d775-0000-0000656ba31d;;;;
Systemvariable;TimerEvents;Result;0;7a2e8b57-84fe-d775-0000-0000656ba31d;;;;
Parameter;UpTime;Configuration;07:00;7a2e8b57-84fe-d775-0000-0000656ba31d;;;;
Parameter;UpdateTime;RulesEngineArgument;<Empty>;7a2e8b57-84fe-d775-0000-0000656ba31d;;;;
Systemvariable;Workingday;Result;false;7a2e8b57-84fe-d775-0000-0000656ba31d;;;;
Parameter;Cycle;RulesEngineArgument;Freizeit;7a2e8b57-84fe-d775-0000-0000656cf49f;end-of-day;1701639327553;Success;
Systemvariable;DailyEvents;Result;"T0:7.0;T1:8.19;T6:17.15";7a2e8b57-84fe-d775-0000-0000656cf49f;;;;
Parameter;Date;RulesEngineArgument;04.12.2023;7a2e8b57-84fe-d775-0000-0000656cf49f;;;;
Systemvariable;LastBatchrun;Result;03.12.2023-22:35:29;7a2e8b57-84fe-d775-0000-0000656cf49f;;;;
Parameter;MaxForecastTemperature;RulesEngineArgument;3.51;7a2e8b57-84fe-d775-0000-0000656cf49f;;;;
Parameter;MaxSunDownTime;Configuration;22:15;7a2e8b57-84fe-d775-0000-0000656cf49f;;;;
Parameter;MaxSunUpTime;Configuration;10:00;7a2e8b57-84fe-d775-0000-0000656cf49f;;;;
Parameter;MinSunDownTime;Configuration;17:15;7a2e8b57-84fe-d775-0000-0000656cf49f;;;;
Parameter;MinSunUpTime;Configuration;05:30;7a2e8b57-84fe-d775-0000-0000656cf49f;;;;
Systemvariable;Month;Result;11;7a2e8b57-84fe-d775-0000-0000656cf49f;;;;
Parameter;ShadowTemperature;Configuration;25.0;7a2e8b57-84fe-d775-0000-0000656cf49f;;;;
Parameter;ShadowTime;Configuration;09:00;7a2e8b57-84fe-d775-0000-0000656cf49f;;;;
Parameter;SunDownTime;RulesEngineArgument;16:31;7a2e8b57-84fe-d775-0000-0000656cf49f;;;;
Parameter;SunUpDownType;Configuration;Mathematical;7a2e8b57-84fe-d775-0000-0000656cf49f;;;;
Parameter;SunUpTime;RulesEngineArgument;08:19;7a2e8b57-84fe-d775-0000-0000656cf49f;;;;
Systemvariable;Temperature;Result;3.510000;7a2e8b57-84fe-d775-0000-0000656cf49f;;;;
Systemvariable;Time;Result;0;7a2e8b57-84fe-d775-0000-0000656cf49f;;;;
Systemvariable;TimerEvents;Result;0;7a2e8b57-84fe-d775-0000-0000656cf49f;;;;
Parameter;UpTime;Configuration;07:00;7a2e8b57-84fe-d775-0000-0000656cf49f;;;;
Parameter;UpdateTime;RulesEngineArgument;<Empty>;7a2e8b57-84fe-d775-0000-0000656cf49f;;;;
Systemvariable;Workingday;Result;false;7a2e8b57-84fe-d775-0000-0000656cf49f;;;;
Parameter;Cycle;RulesEngineArgument;Freizeit;7a2e8b57-84fe-d775-0000-0000656e4633;end-of-day;1701725747139;Success;
Systemvariable;DailyEvents;Result;"T0:7.0;T1:8.2;T6:17.15";7a2e8b57-84fe-d775-0000-0000656e4633;;;;
Parameter;Date;RulesEngineArgument;05.12.2023;7a2e8b57-84fe-d775-0000-0000656e4633;;;;
Systemvariable;LastBatchrun;Result;04.12.2023-22:35:49;7a2e8b57-84fe-d775-0000-0000656e4633;;;;
Parameter;MaxForecastTemperature;RulesEngineArgument;4.96;7a2e8b57-84fe-d775-0000-0000656e4633;;;;
Parameter;MaxSunDownTime;Configuration;22:15;7a2e8b57-84fe-d775-0000-0000656e4633;;;;
Parameter;MaxSunUpTime;Configuration;10:00;7a2e8b57-84fe-d775-0000-0000656e4633;;;;
Parameter;MinSunDownTime;Configuration;17:15;7a2e8b57-84fe-d775-0000-0000656e4633;;;;
Parameter;MinSunUpTime;Configuration;05:30;7a2e8b57-84fe-d775-0000-0000656e4633;;;;
Systemvariable;Month;Result;11;7a2e8b57-84fe-d775-0000-0000656e4633;;;;
Parameter;ShadowTemperature;Configuration;25.0;7a2e8b57-84fe-d775-0000-0000656e4633;;;;
Parameter;ShadowTime;Configuration;09:00;7a2e8b57-84fe-d775-0000-0000656e4633;;;;
Parameter;SunDownTime;RulesEngineArgument;16:31;7a2e8b57-84fe-d775-0000-0000656e4633;;;;
Parameter;SunUpDownType;Configuration;Mathematical;7a2e8b57-84fe-d775-0000-0000656e4633;;;;
Parameter;SunUpTime;RulesEngineArgument;08:20;7a2e8b57-84fe-d775-0000-0000656e4633;;;;
Systemvariable;Temperature;Result;4.960000;7a2e8b57-84fe-d775-0000-0000656e4633;;;;
Systemvariable;Time;Result;0;7a2e8b57-84fe-d775-0000-0000656e4633;;;;
Systemvariable;TimerEvents;Result;0;7a2e8b57-84fe-d775-0000-0000656e4633;;;;
Parameter;UpTime;Configuration;07:00;7a2e8b57-84fe-d775-0000-0000656e4633;;;;
Parameter;UpdateTime;RulesEngineArgument;<Empty>;7a2e8b57-84fe-d775-0000-0000656e4633;;;;
Systemvariable;Workingday;Result;false;7a2e8b57-84fe-d775-0000-0000656e4633;;;;
Parameter;Cycle;RulesEngineArgument;Freizeit;7a2e8b57-84fe-d775-0000-0000656f979d;end-of-day;1701812125347;Success;
Systemvariable;DailyEvents;Result;"T0:7.0;T1:8.22;T6:17.15";7a2e8b57-84fe-d775-0000-0000656f979d;;;;
Parameter;Date;RulesEngineArgument;06.12.2023;7a2e8b57-84fe-d775-0000-0000656f979d;;;;
Systemvariable;LastBatchrun;Result;05.12.2023-22:35:27;7a2e8b57-84fe-d775-0000-0000656f979d;;;;
Parameter;MaxForecastTemperature;RulesEngineArgument;4.22;7a2e8b57-84fe-d775-0000-0000656f979d;;;;
Parameter;MaxSunDownTime;Configuration;22:15;7a2e8b57-84fe-d775-0000-0000656f979d;;;;
Parameter;MaxSunUpTime;Configuration;10:00;7a2e8b57-84fe-d775-0000-0000656f979d;;;;
Parameter;MinSunDownTime;Configuration;17:15;7a2e8b57-84fe-d775-0000-0000656f979d;;;;
Parameter;MinSunUpTime;Configuration;05:30;7a2e8b57-84fe-d775-0000-0000656f979d;;;;
Systemvariable;Month;Result;11;7a2e8b57-84fe-d775-0000-0000656f979d;;;;
Parameter;ShadowTemperature;Configuration;25.0;7a2e8b57-84fe-d775-0000-0000656f979d;;;;
Parameter;ShadowTime;Configuration;09:00;7a2e8b57-84fe-d775-0000-0000656f979d;;;;
Parameter;SunDownTime;RulesEngineArgument;16:30;7a2e8b57-84fe-d775-0000-0000656f979d;;;;
Parameter;SunUpDownType;Configuration;Mathematical;7a2e8b57-84fe-d775-0000-0000656f979d;;;;
Parameter;SunUpTime;RulesEngineArgument;08:22;7a2e8b57-84fe-d775-0000-0000656f979d;;;;
Systemvariable;Temperature;Result;4.220000;7a2e8b57-84fe-d775-0000-0000656f979d;;;;
Systemvariable;Time;Result;0;7a2e8b57-84fe-d775-0000-0000656f979d;;;;
Systemvariable;TimerEvents;Result;0;7a2e8b57-84fe-d775-0000-0000656f979d;;;;
Parameter;UpTime;Configuration;07:00;7a2e8b57-84fe-d775-0000-0000656f979d;;;;
Parameter;UpdateTime;RulesEngineArgument;<Empty>;7a2e8b57-84fe-d775-0000-0000656f979d;;;;
Systemvariable;Workingday;Result;false;7a2e8b57-84fe-d775-0000-0000656f979d;;;;
Parameter;Cycle;RulesEngineArgument;Freizeit;7a2e8b57-84fe-d775-0000-00006570e922;end-of-day;1701898530109;Success;
Systemvariable;DailyEvents;Result;"T0:7.0;T1:8.23;T6:17.15";7a2e8b57-84fe-d775-0000-00006570e922;;;;
Parameter;Date;RulesEngineArgument;07.12.2023;7a2e8b57-84fe-d775-0000-00006570e922;;;;
Systemvariable;LastBatchrun;Result;06.12.2023-22:35:32;7a2e8b57-84fe-d775-0000-00006570e922;;;;
Parameter;MaxForecastTemperature;RulesEngineArgument;5.04;7a2e8b57-84fe-d775-0000-00006570e922;;;;
Parameter;MaxSunDownTime;Configuration;22:15;7a2e8b57-84fe-d775-0000-00006570e922;;;;
Parameter;MaxSunUpTime;Configuration;10:00;7a2e8b57-84fe-d775-0000-00006570e922;;;;
Parameter;MinSunDownTime;Configuration;17:15;7a2e8b57-84fe-d775-0000-00006570e922;;;;
Parameter;MinSunUpTime;Configuration;05:30;7a2e8b57-84fe-d775-0000-00006570e922;;;;
Systemvariable;Month;Result;11;7a2e8b57-84fe-d775-0000-00006570e922;;;;
Parameter;ShadowTemperature;Configuration;25.0;7a2e8b57-84fe-d775-0000-00006570e922;;;;
Parameter;ShadowTime;Configuration;09:00;7a2e8b57-84fe-d775-0000-00006570e922;;;;
Parameter;SunDownTime;RulesEngineArgument;16:30;7a2e8b57-84fe-d775-0000-00006570e922;;;;
Parameter;SunUpDownType;Configuration;Mathematical;7a2e8b57-84fe-d775-0000-00006570e922;;;;
Parameter;SunUpTime;RulesEngineArgument;08:23;7a2e8b57-84fe-d775-0000-00006570e922;;;;
Systemvariable;Temperature;Result;5.040000;7a2e8b57-84fe-d775-0000-00006570e922;;;;
Systemvariable;Time;Result;0;7a2e8b57-84fe-d775-0000-00006570e922;;;;
Systemvariable;TimerEvents;Result;0;7a2e8b57-84fe-d775-0000-00006570e922;;;;
Parameter;UpTime;Configuration;07:00;7a2e8b57-84fe-d775-0000-00006570e922;;;;
Parameter;UpdateTime;RulesEngineArgument;<Empty>;7a2e8b57-84fe-d775-0000-00006570e922;;;;
Systemvariable;Workingday;Result;false;7a2e8b57-84fe-d775-0000-00006570e922;;;;
Parameter;Cycle;RulesEngineArgument;Freizeit;7a2e8b57-84fe-d775-0000-000065723a9d;end-of-day;1701984925016;Success;
Systemvariable;DailyEvents;Result;"T0:7.0;T1:8.24;T6:17.15";7a2e8b57-84fe-d775-0000-000065723a9d;;;;
Parameter;Date;RulesEngineArgument;08.12.2023;7a2e8b57-84fe-d775-0000-000065723a9d;;;;
Systemvariable;LastBatchrun;Result;07.12.2023-22:35:27;7a2e8b57-84fe-d775-0000-000065723a9d;;;;
Parameter;MaxForecastTemperature;RulesEngineArgument;7.42;7a2e8b57-84fe-d775-0000-000065723a9d;;;;
Parameter;MaxSunDownTime;Configuration;22:15;7a2e8b57-84fe-d775-0000-000065723a9d;;;;
Parameter;MaxSunUpTime;Configuration;10:00;7a2e8b57-84fe-d775-0000-000065723a9d;;;;
Parameter;MinSunDownTime;Configuration;17:15;7a2e8b57-84fe-d775-0000-000065723a9d;;;;
Parameter;MinSunUpTime;Configuration;05:30;7a2e8b57-84fe-d775-0000-000065723a9d;;;;
Systemvariable;Month;Result;11;7a2e8b57-84fe-d775-0000-000065723a9d;;;;
Parameter;ShadowTemperature;Configuration;25.0;7a2e8b57-84fe-d775-0000-000065723a9d;;;;
Parameter;ShadowTime;Configuration;09:00;7a2e8b57-84fe-d775-0000-000065723a9d;;;;
Parameter;SunDownTime;RulesEngineArgument;16:29;7a2e8b57-84fe-d775-0000-000065723a9d;;;;
Parameter;SunUpDownType;Configuration;Mathematical;7a2e8b57-84fe-d775-0000-000065723a9d;;;;
Parameter;SunUpTime;RulesEngineArgument;08:24;7a2e8b57-84fe-d775-0000-000065723a9d;;;;
Systemvariable;Temperature;Result;7.420000;7a2e8b57-84fe-d775-0000-000065723a9d;;;;
Systemvariable;Time;Result;0;7a2e8b57-84fe-d775-0000-000065723a9d;;;;
Systemvariable;TimerEvents;Result;0;7a2e8b57-84fe-d775-0000-000065723a9d;;;;
Parameter;UpTime;Configuration;07:00;7a2e8b57-84fe-d775-0000-000065723a9d;;;;
Parameter;UpdateTime;RulesEngineArgument;<Empty>;7a2e8b57-84fe-d775-0000-000065723a9d;;;;
Systemvariable;Workingday;Result;false;7a2e8b57-84fe-d775-0000-000065723a9d;;;;
Parameter;Cycle;RulesEngineArgument;Freizeit;7a2e8b57-84fe-d775-0000-000065738c22;end-of-day;1702071330990;Success;
Systemvariable;DailyEvents;Result;"T0:7.0;T1:8.25;T6:17.15";7a2e8b57-84fe-d775-0000-000065738c22;;;;
Parameter;Date;RulesEngineArgument;09.12.2023;7a2e8b57-84fe-d775-0000-000065738c22;;;;
Systemvariable;LastBatchrun;Result;08.12.2023-22:35:33;7a2e8b57-84fe-d775-0000-000065738c22;;;;
Parameter;MaxForecastTemperature;RulesEngineArgument;10.07;7a2e8b57-84fe-d775-0000-000065738c22;;;;
Parameter;MaxSunDownTime;Configuration;22:15;7a2e8b57-84fe-d775-0000-000065738c22;;;;
Parameter;MaxSunUpTime;Configuration;10:00;7a2e8b57-84fe-d775-0000-000065738c22;;;;
Parameter;MinSunDownTime;Configuration;17:15;7a2e8b57-84fe-d775-0000-000065738c22;;;;
Parameter;MinSunUpTime;Configuration;05:30;7a2e8b57-84fe-d775-0000-000065738c22;;;;
Systemvariable;Month;Result;11;7a2e8b57-84fe-d775-0000-000065738c22;;;;
Parameter;ShadowTemperature;Configuration;25.0;7a2e8b57-84fe-d775-0000-000065738c22;;;;
Parameter;ShadowTime;Configuration;09:00;7a2e8b57-84fe-d775-0000-000065738c22;;;;
Parameter;SunDownTime;RulesEngineArgument;16:29;7a2e8b57-84fe-d775-0000-000065738c22;;;;
Parameter;SunUpDownType;Configuration;Mathematical;7a2e8b57-84fe-d775-0000-000065738c22;;;;
Parameter;SunUpTime;RulesEngineArgument;08:25;7a2e8b57-84fe-d775-0000-000065738c22;;;;
Systemvariable;Temperature;Result;10.070000;7a2e8b57-84fe-d775-0000-000065738c22;;;;
Systemvariable;Time;Result;0;7a2e8b57-84fe-d775-0000-000065738c22;;;;
Systemvariable;TimerEvents;Result;0;7a2e8b57-84fe-d775-0000-000065738c22;;;;
Parameter;UpTime;Configuration;07:00;7a2e8b57-84fe-d775-0000-000065738c22;;;;
Parameter;UpdateTime;RulesEngineArgument;<Empty>;7a2e8b57-84fe-d775-0000-000065738c22;;;;
Systemvariable;Workingday;Result;false;7a2e8b57-84fe-d775-0000-000065738c22;;;;
Parameter;Cycle;RulesEngineArgument;Freizeit;7a2e8b57-84fe-d775-0000-00006574dd9e;end-of-day;1702157726624;Success;
Systemvariable;DailyEvents;Result;"T0:7.0;T1:8.26;T6:17.15";7a2e8b57-84fe-d775-0000-00006574dd9e;;;;
Parameter;Date;RulesEngineArgument;10.12.2023;7a2e8b57-84fe-d775-0000-00006574dd9e;;;;
Systemvariable;LastBatchrun;Result;09.12.2023-22:35:28;7a2e8b57-84fe-d775-0000-00006574dd9e;;;;
Parameter;MaxForecastTemperature;RulesEngineArgument;10.12;7a2e8b57-84fe-d775-0000-00006574dd9e;;;;
Parameter;MaxSunDownTime;Configuration;22:15;7a2e8b57-84fe-d775-0000-00006574dd9e;;;;
Parameter;MaxSunUpTime;Configuration;10:00;7a2e8b57-84fe-d775-0000-00006574dd9e;;;;
Parameter;MinSunDownTime;Configuration;17:15;7a2e8b57-84fe-d775-0000-00006574dd9e;;;;
Parameter;MinSunUpTime;Configuration;05:30;7a2e8b57-84fe-d775-0000-00006574dd9e;;;;
Systemvariable;Month;Result;11;7a2e8b57-84fe-d775-0000-00006574dd9e;;;;
Parameter;ShadowTemperature;Configuration;25.0;7a2e8b57-84fe-d775-0000-00006574dd9e;;;;
Parameter;ShadowTime;Configuration;09:00;7a2e8b57-84fe-d775-0000-00006574dd9e;;;;
Parameter;SunDownTime;RulesEngineArgument;16:29;7a2e8b57-84fe-d775-0000-00006574dd9e;;;;
Parameter;SunUpDownType;Configuration;Mathematical;7a2e8b57-84fe-d775-0000-00006574dd9e;;;;
Parameter;SunUpTime;RulesEngineArgument;08:26;7a2e8b57-84fe-d775-0000-00006574dd9e;;;;
Systemvariable;Temperature;Result;10.120000;7a2e8b57-84fe-d775-0000-00006574dd9e;;;;
Systemvariable;Time;Result;0;7a2e8b57-84fe-d775-0000-00006574dd9e;;;;
Systemvariable;TimerEvents;Result;0;7a2e8b57-84fe-d775-0000-00006574dd9e;;;;
Parameter;UpTime;Configuration;07:00;7a2e8b57-84fe-d775-0000-00006574dd9e;;;;
Parameter;UpdateTime;RulesEngineArgument;<Empty>;7a2e8b57-84fe-d775-0000-00006574dd9e;;;;
Systemvariable;Workingday;Result;false;7a2e8b57-84fe-d775-0000-00006574dd9e;;;;
Parameter;Cycle;RulesEngineArgument;Freizeit;7a2e8b57-84fe-d775-0000-000065762f1c;end-of-day;1702244124931;Success;
Systemvariable;DailyEvents;Result;"T0:7.0;T1:8.27;T6:17.15";7a2e8b57-84fe-d775-0000-000065762f1c;;;;
Parameter;Date;RulesEngineArgument;11.12.2023;7a2e8b57-84fe-d775-0000-000065762f1c;;;;
Systemvariable;LastBatchrun;Result;10.12.2023-22:35:26;7a2e8b57-84fe-d775-0000-000065762f1c;;;;
Parameter;MaxForecastTemperature;RulesEngineArgument;10.51;7a2e8b57-84fe-d775-0000-000065762f1c;;;;
Parameter;MaxSunDownTime;Configuration;22:15;7a2e8b57-84fe-d775-0000-000065762f1c;;;;
Parameter;MaxSunUpTime;Configuration;10:00;7a2e8b57-84fe-d775-0000-000065762f1c;;;;
Parameter;MinSunDownTime;Configuration;17:15;7a2e8b57-84fe-d775-0000-000065762f1c;;;;
Parameter;MinSunUpTime;Configuration;05:30;7a2e8b57-84fe-d775-0000-000065762f1c;;;;
Systemvariable;Month;Result;11;7a2e8b57-84fe-d775-0000-000065762f1c;;;;
Parameter;ShadowTemperature;Configuration;25.0;7a2e8b57-84fe-d775-0000-000065762f1c;;;;
Parameter;ShadowTime;Configuration;09:00;7a2e8b57-84fe-d775-0000-000065762f1c;;;;
Parameter;SunDownTime;RulesEngineArgument;16:29;7a2e8b57-84fe-d775-0000-000065762f1c;;;;
Parameter;SunUpDownType;Configuration;Mathematical;7a2e8b57-84fe-d775-0000-000065762f1c;;;;
Parameter;SunUpTime;RulesEngineArgument;08:27;7a2e8b57-84fe-d775-0000-000065762f1c;;;;
Systemvariable;Temperature;Result;10.510000;7a2e8b57-84fe-d775-0000-000065762f1c;;;;
Systemvariable;Time;Result;0;7a2e8b57-84fe-d775-0000-000065762f1c;;;;
Systemvariable;TimerEvents;Result;0;7a2e8b57-84fe-d775-0000-000065762f1c;;;;
Parameter;UpTime;Configuration;07:00;7a2e8b57-84fe-d775-0000-000065762f1c;;;;
Parameter;UpdateTime;RulesEngineArgument;<Empty>;7a2e8b57-84fe-d775-0000-000065762f1c;;;;
Systemvariable;Workingday;Result;false;7a2e8b57-84fe-d775-0000-000065762f1c;;;;
Parameter;Cycle;RulesEngineArgument;Freizeit;7a2e8b57-84fe-d775-0000-0000657780ae;end-of-day;1702330542629;Success;
Systemvariable;DailyEvents;Result;"T0:7.0;T1:8.28;T6:17.15";7a2e8b57-84fe-d775-0000-0000657780ae;;;;
Parameter;Date;RulesEngineArgument;12.12.2023;7a2e8b57-84fe-d775-0000-0000657780ae;;;;
Systemvariable;LastBatchrun;Result;11.12.2023-22:35:44;7a2e8b57-84fe-d775-0000-0000657780ae;;;;
Parameter;MaxForecastTemperature;RulesEngineArgument;9.95;7a2e8b57-84fe-d775-0000-0000657780ae;;;;
Parameter;MaxSunDownTime;Configuration;22:15;7a2e8b57-84fe-d775-0000-0000657780ae;;;;
Parameter;MaxSunUpTime;Configuration;10:00;7a2e8b57-84fe-d775-0000-0000657780ae;;;;
Parameter;MinSunDownTime;Configuration;17:15;7a2e8b57-84fe-d775-0000-0000657780ae;;;;
Parameter;MinSunUpTime;Configuration;05:30;7a2e8b57-84fe-d775-0000-0000657780ae;;;;
Systemvariable;Month;Result;11;7a2e8b57-84fe-d775-0000-0000657780ae;;;;
Parameter;ShadowTemperature;Configuration;25.0;7a2e8b57-84fe-d775-0000-0000657780ae;;;;
Parameter;ShadowTime;Configuration;09:00;7a2e8b57-84fe-d775-0000-0000657780ae;;;;
Parameter;SunDownTime;RulesEngineArgument;16:29;7a2e8b57-84fe-d775-0000-0000657780ae;;;;
Parameter;SunUpDownType;Configuration;Mathematical;7a2e8b57-84fe-d775-0000-0000657780ae;;;;
Parameter;SunUpTime;RulesEngineArgument;08:28;7a2e8b57-84fe-d775-0000-0000657780ae;;;;
Systemvariable;Temperature;Result;9.950000;7a2e8b57-84fe-d775-0000-0000657780ae;;;;
Systemvariable;Time;Result;0;7a2e8b57-84fe-d775-0000-0000657780ae;;;;
Systemvariable;TimerEvents;Result;0;7a2e8b57-84fe-d775-0000-0000657780ae;;;;
Parameter;UpTime;Configuration;07:00;7a2e8b57-84fe-d775-0000-0000657780ae;;;;
Parameter;UpdateTime;RulesEngineArgument;<Empty>;7a2e8b57-84fe-d775-0000-0000657780ae;;;;
Systemvariable;Workingday;Result;false;7a2e8b57-84fe-d775-0000-0000657780ae;;;;
Parameter;Cycle;RulesEngineArgument;Freizeit;7a2e8b57-84fe-d775-0000-000065782113;end-of-day;1702371603068;Success;
Systemvariable;DailyEvents;Result;"T0:7.0;T1:8.29;T6:17.15";7a2e8b57-84fe-d775-0000-000065782113;;;;
Parameter;Date;RulesEngineArgument;13.12.2023;7a2e8b57-84fe-d775-0000-000065782113;;;;
Systemvariable;LastBatchrun;Result;12.12.2023-10:00:05;7a2e8b57-84fe-d775-0000-000065782113;;;;
Parameter;MaxForecastTemperature;RulesEngineArgument;9.06;7a2e8b57-84fe-d775-0000-000065782113;;;;
Parameter;MaxSunDownTime;Configuration;22:15;7a2e8b57-84fe-d775-0000-000065782113;;;;
Parameter;MaxSunUpTime;Configuration;10:00;7a2e8b57-84fe-d775-0000-000065782113;;;;
Parameter;MinSunDownTime;Configuration;17:15;7a2e8b57-84fe-d775-0000-000065782113;;;;
Parameter;MinSunUpTime;Configuration;05:30;7a2e8b57-84fe-d775-0000-000065782113;;;;
Systemvariable;Month;Result;11;7a2e8b57-84fe-d775-0000-000065782113;;;;
Parameter;ShadowTemperature;Configuration;25.0;7a2e8b57-84fe-d775-0000-000065782113;;;;
Parameter;ShadowTime;Configuration;09:00;7a2e8b57-84fe-d775-0000-000065782113;;;;
Parameter;SunDownTime;RulesEngineArgument;16:28;7a2e8b57-84fe-d775-0000-000065782113;;;;
Parameter;SunUpDownType;Configuration;Mathematical;7a2e8b57-84fe-d775-0000-000065782113;;;;
Parameter;SunUpTime;RulesEngineArgument;08:29;7a2e8b57-84fe-d775-0000-000065782113;;;;
Systemvariable;Temperature;Result;9.060000;7a2e8b57-84fe-d775-0000-000065782113;;;;
Systemvariable;Time;Result;0;7a2e8b57-84fe-d775-0000-000065782113;;;;
Systemvariable;TimerEvents;Result;0;7a2e8b57-84fe-d775-0000-000065782113;;;;
Parameter;UpTime;Configuration;07:00;7a2e8b57-84fe-d775-0000-000065782113;;;;
Parameter;UpdateTime;RulesEngineArgument;<Empty>;7a2e8b57-84fe-d775-0000-000065782113;;;;
Systemvariable;Workingday;Result;false;7a2e8b57-84fe-d775-0000-000065782113;;;;
Parameter;ProtocolBack;Configuration;30;9074fd2c-547e-47b7-0000-00006560f1c2;cleanup-protocol;1700852162307;Success;
Parameter;ProtocolsDeleted;Result;0;9074fd2c-547e-47b7-0000-00006560f1c2;;;;
Parameter;ProtocolBack;Configuration;30;9074fd2c-547e-47b7-0000-00006560f750;cleanup-protocol;1700853584707;Success;
Parameter;ProtocolsDeleted;Result;0;9074fd2c-547e-47b7-0000-00006560f750;;;;
Parameter;ProtocolBack;Configuration;30;9074fd2c-547e-47b7-0000-000065611774;cleanup-protocol;1700861812140;Success;
Parameter;ProtocolsDeleted;Result;0;9074fd2c-547e-47b7-0000-000065611774;;;;
Parameter;ProtocolBack;Configuration;30;9074fd2c-547e-47b7-0000-0000656268f6;cleanup-protocol;1700948214262;Success;
Parameter;ProtocolsDeleted;Result;0;9074fd2c-547e-47b7-0000-0000656268f6;;;;
Parameter;ProtocolBack;Configuration;30;9074fd2c-547e-47b7-0000-00006563ba74;cleanup-protocol;1701034612206;Success;
Parameter;ProtocolsDeleted;Result;0;9074fd2c-547e-47b7-0000-00006563ba74;;;;
Parameter;ProtocolBack;Configuration;30;9074fd2c-547e-47b7-0000-000065650bf6;cleanup-protocol;1701121014078;Success;
Parameter;ProtocolsDeleted;Result;0;9074fd2c-547e-47b7-0000-000065650bf6;;;;
Parameter;ProtocolBack;Configuration;30;9074fd2c-547e-47b7-0000-000065665d7d;cleanup-protocol;1701207421156;Success;
Parameter;ProtocolsDeleted;Result;0;9074fd2c-547e-47b7-0000-000065665d7d;;;;
Parameter;ProtocolBack;Configuration;30;9074fd2c-547e-47b7-0000-00006567af37;cleanup-protocol;1701293879783;Success;
Parameter;ProtocolsDeleted;Result;0;9074fd2c-547e-47b7-0000-00006567af37;;;;
Parameter;ProtocolBack;Configuration;30;9074fd2c-547e-47b7-0000-0000656900c8;cleanup-protocol;1701380296390;Success;
Parameter;ProtocolsDeleted;Result;0;9074fd2c-547e-47b7-0000-0000656900c8;;;;
Parameter;ProtocolBack;Configuration;30;9074fd2c-547e-47b7-0000-0000656a51fb;cleanup-protocol;1701466619778;Success;
Parameter;ProtocolsDeleted;Result;0;9074fd2c-547e-47b7-0000-0000656a51fb;;;;
Parameter;ProtocolBack;Configuration;30;9074fd2c-547e-47b7-0000-0000656ba379;cleanup-protocol;1701553017520;Success;
Parameter;ProtocolsDeleted;Result;0;9074fd2c-547e-47b7-0000-0000656ba379;;;;
Parameter;ProtocolBack;Configuration;30;9074fd2c-547e-47b7-0000-0000656cf4f9;cleanup-protocol;1701639417324;Success;
Parameter;ProtocolsDeleted;Result;0;9074fd2c-547e-47b7-0000-0000656cf4f9;;;;
Parameter;ProtocolBack;Configuration;30;9074fd2c-547e-47b7-0000-0000656e46d8;cleanup-protocol;1701725912838;Success;
Parameter;ProtocolsDeleted;Result;0;9074fd2c-547e-47b7-0000-0000656e46d8;;;;
Parameter;ProtocolBack;Configuration;30;9074fd2c-547e-47b7-0000-0000656f97f4;cleanup-protocol;1701812212809;Success;
Parameter;ProtocolsDeleted;Result;0;9074fd2c-547e-47b7-0000-0000656f97f4;;;;
Parameter;ProtocolBack;Configuration;30;9074fd2c-547e-47b7-0000-00006570e97a;cleanup-protocol;1701898618602;Success;
Parameter;ProtocolsDeleted;Result;0;9074fd2c-547e-47b7-0000-00006570e97a;;;;
Parameter;ProtocolBack;Configuration;30;9074fd2c-547e-47b7-0000-000065723b16;cleanup-protocol;1701985046224;Success;
Parameter;ProtocolsDeleted;Result;0;9074fd2c-547e-47b7-0000-000065723b16;;;;
Parameter;ProtocolBack;Configuration;30;9074fd2c-547e-47b7-0000-000065738c84;cleanup-protocol;1702071428123;Success;
Parameter;ProtocolsDeleted;Result;0;9074fd2c-547e-47b7-0000-000065738c84;;;;
Parameter;ProtocolBack;Configuration;30;9074fd2c-547e-47b7-0000-00006574ddf3;cleanup-protocol;1702157811990;Success;
Parameter;ProtocolsDeleted;Result;0;9074fd2c-547e-47b7-0000-00006574ddf3;;;;
Parameter;ProtocolBack;Configuration;30;9074fd2c-547e-47b7-0000-000065762f75;cleanup-protocol;1702244213414;Success;
Parameter;ProtocolsDeleted;Result;0;9074fd2c-547e-47b7-0000-000065762f75;;;;
Parameter;ProtocolBack;Configuration;30;9074fd2c-547e-47b7-0000-000065778132;cleanup-protocol;1702330674833;Success;
Parameter;ProtocolsDeleted;Result;0;9074fd2c-547e-47b7-0000-000065778132;;;;
Parameter;DaysBack;Configuration;30;a8031c07-ae02-1aa8-0000-00006560f029;cleanup-calendar;1700851753974;Success;
Parameter;DaysDeleted;Result;0;a8031c07-ae02-1aa8-0000-00006560f029;;;;
Parameter;DaysBack;Configuration;30;a8031c07-ae02-1aa8-0000-00006560f1ad;cleanup-calendar;1700852141407;Success;
Parameter;DaysDeleted;Result;0;a8031c07-ae02-1aa8-0000-00006560f1ad;;;;
Parameter;DaysBack;Configuration;30;a8031c07-ae02-1aa8-0000-00006560f73c;cleanup-calendar;1700853564408;Success;
Parameter;DaysDeleted;Result;0;a8031c07-ae02-1aa8-0000-00006560f73c;;;;
Parameter;DaysBack;Configuration;30;a8031c07-ae02-1aa8-0000-00006561175e;cleanup-calendar;1700861790398;Success;
Parameter;DaysDeleted;Result;0;a8031c07-ae02-1aa8-0000-00006561175e;;;;
Parameter;DaysBack;Configuration;30;a8031c07-ae02-1aa8-0000-0000656268e1;cleanup-calendar;1700948193228;Success;
Parameter;DaysDeleted;Result;0;a8031c07-ae02-1aa8-0000-0000656268e1;;;;
Parameter;DaysBack;Configuration;30;a8031c07-ae02-1aa8-0000-00006563ba60;cleanup-calendar;1701034592361;Success;
Parameter;DaysDeleted;Result;0;a8031c07-ae02-1aa8-0000-00006563ba60;;;;
Parameter;DaysBack;Configuration;30;a8031c07-ae02-1aa8-0000-000065650be0;cleanup-calendar;1701120992190;Success;
Parameter;DaysDeleted;Result;0;a8031c07-ae02-1aa8-0000-000065650be0;;;;
Parameter;DaysBack;Configuration;30;a8031c07-ae02-1aa8-0000-000065665d68;cleanup-calendar;1701207400736;Success;
Parameter;DaysDeleted;Result;0;a8031c07-ae02-1aa8-0000-000065665d68;;;;
Parameter;DaysBack;Configuration;30;a8031c07-ae02-1aa8-0000-00006567af22;cleanup-calendar;1701293858652;Success;
Parameter;DaysDeleted;Result;0;a8031c07-ae02-1aa8-0000-00006567af22;;;;
Parameter;DaysBack;Configuration;30;a8031c07-ae02-1aa8-0000-00006569009b;cleanup-calendar;1701380251804;Success;
Parameter;DaysDeleted;Result;0;a8031c07-ae02-1aa8-0000-00006569009b;;;;
Parameter;DaysBack;Configuration;30;a8031c07-ae02-1aa8-0000-0000656a51e5;cleanup-calendar;1701466597309;Success;
Parameter;DaysDeleted;Result;0;a8031c07-ae02-1aa8-0000-0000656a51e5;;;;
Parameter;DaysBack;Configuration;30;a8031c07-ae02-1aa8-0000-0000656ba361;cleanup-calendar;1701552993179;Success;
Parameter;DaysDeleted;Result;0;a8031c07-ae02-1aa8-0000-0000656ba361;;;;
Parameter;DaysBack;Configuration;30;a8031c07-ae02-1aa8-0000-0000656cf4e4;cleanup-calendar;1701639396598;Success;
Parameter;DaysDeleted;Result;0;a8031c07-ae02-1aa8-0000-0000656cf4e4;;;;
Parameter;DaysBack;Configuration;30;a8031c07-ae02-1aa8-0000-0000656e46b7;cleanup-calendar;1701725879589;Success;
Parameter;DaysDeleted;Result;0;a8031c07-ae02-1aa8-0000-0000656e46b7;;;;
Parameter;DaysBack;Configuration;30;a8031c07-ae02-1aa8-0000-0000656f97df;cleanup-calendar;1701812191806;Success;
Parameter;DaysDeleted;Result;0;a8031c07-ae02-1aa8-0000-0000656f97df;;;;
Parameter;DaysBack;Configuration;30;a8031c07-ae02-1aa8-0000-00006570e965;cleanup-calendar;1701898597835;Success;
Parameter;DaysDeleted;Result;0;a8031c07-ae02-1aa8-0000-00006570e965;;;;
Parameter;DaysBack;Configuration;30;a8031c07-ae02-1aa8-0000-000065723af3;cleanup-calendar;1701985011184;Success;
Parameter;DaysDeleted;Result;0;a8031c07-ae02-1aa8-0000-000065723af3;;;;
Parameter;DaysBack;Configuration;30;a8031c07-ae02-1aa8-0000-000065738c6c;cleanup-calendar;1702071404006;Success;
Parameter;DaysDeleted;Result;0;a8031c07-ae02-1aa8-0000-000065738c6c;;;;
Parameter;DaysBack;Configuration;30;a8031c07-ae02-1aa8-0000-00006574ddde;cleanup-calendar;1702157790842;Success;
Parameter;DaysDeleted;Result;0;a8031c07-ae02-1aa8-0000-00006574ddde;;;;
Parameter;DaysBack;Configuration;30;a8031c07-ae02-1aa8-0000-000065762f61;cleanup-calendar;1702244193743;Success;
Parameter;DaysDeleted;Result;0;a8031c07-ae02-1aa8-0000-000065762f61;;;;
Parameter;DaysBack;Configuration;30;a8031c07-ae02-1aa8-0000-000065778111;cleanup-calendar;1702330641740;Success;
Parameter;DaysDeleted;Result;0;a8031c07-ae02-1aa8-0000-000065778111;;;;
